type,output_path,prompt,width,height,transparent
rumi,public/assets/rumi/hero/portrait.png,13世纪波斯学者诗人鲁米，四十岁上下，黑色络腮胡略长及胸，眼角初有细纹，头缠白色大头巾，椭圆长脸，额头宽高，浓黑弯眉，杏仁形深褐色眼睛，目光温和而专注，straight nose，薄唇，面容安静而有神，深靛蓝长袍外罩赭色披肩，半身像，微侧，一手持芦笛一手抚胸，庄重温和，选人头像构图,768,1280,true
rumi,public/assets/rumi/hero/child/standing.png,13世纪波斯学者诗人鲁米，十二岁男孩，稚气未脱，无胡须，椭圆长脸，额头宽高，浓黑弯眉，杏仁形深褐色眼睛，目光温和而专注，straight nose，薄唇，面容安静而有神，头戴小白布帽，土黄色旅行长袍束腰带，全身立绘，含双脚，露出鞋履，站立，手握一卷书，好奇地望向远方,768,1280,true
rumi,public/assets/rumi/hero/child/listening.png,13世纪波斯学者诗人鲁米，十二岁男孩，稚气未脱，无胡须，椭圆长脸，额头宽高，浓黑弯眉，杏仁形深褐色眼睛，目光温和而专注，straight nose，薄唇，面容安静而有神，头戴小白布帽，土黄色长袍，全身立绘，含双脚，露出鞋履，盘腿坐在地毯上，双手抱膝，仰头专注听故事,768,1280,true
rumi,public/assets/rumi/hero/youth/traveling.png,13世纪波斯学者诗人鲁米，十八岁青年，面容清瘦，唇上初生短髭，椭圆长脸，额头宽高，浓黑弯眉，杏仁形深褐色眼睛，目光温和而专注，straight nose，薄唇，面容安静而有神，头缠小白头巾，风尘仆仆的深褐旅行长袍与斗篷，全身立绘，含双脚，露出鞋履，拄木杖站立，疲惫而坚定,768,1280,true
rumi,public/assets/rumi/hero/youth/wedding.png,13世纪波斯学者诗人鲁米，十八岁青年，面容清瘦，唇上初生短髭，椭圆长脸，额头宽高，浓黑弯眉，杏仁形深褐色眼睛，目光温和而专注，straight nose，薄唇，面容安静而有神，头缠白色头巾，绛红镶金边的婚礼长袍，全身立绘，含双脚，露出鞋履，站立，微微低头，羞涩而郑重,768,1280,true
rumi,public/assets/rumi/hero/scholar/teaching.png,13世纪波斯学者诗人鲁米，三十岁左右，黑色络腮胡修剪整齐及下颌，头缠白色大头巾，椭圆长脸，额头宽高，浓黑弯眉，杏仁形深褐色眼睛，目光温和而专注，straight nose，薄唇，面容安静而有神，深靛蓝学者长袍，全身立绘，含双脚，露出鞋履，站立讲经，右手抬起作讲解手势，左手托一本打开的书，自信从容,768,1280,true
rumi,public/assets/rumi/hero/scholar/reading.png,13世纪波斯学者诗人鲁米，三十岁左右，黑色络腮胡修剪整齐及下颌，头缠白色大头巾，椭圆长脸，额头宽高，浓黑弯眉，杏仁形深褐色眼睛，目光温和而专注，straight nose，薄唇，面容安静而有神，深靛蓝学者长袍，全身立绘，含双脚，露出鞋履，站立低头读一本厚书，眉头微蹙，沉浸,768,1280,true
rumi,public/assets/rumi/hero/scholar/retreat.png,13世纪波斯学者诗人鲁米，三十岁左右，黑色络腮胡修剪整齐及下颌，头缠白色大头巾，椭圆长脸，额头宽高，浓黑弯眉，杏仁形深褐色眼睛，目光温和而专注，straight nose，薄唇，面容安静而有神，朴素灰白粗布长袍，全身立绘，含双脚，露出鞋履，在草席上盘腿闭目静坐，双手放在膝上，清瘦，极为安静,768,1280,true
rumi,public/assets/rumi/hero/scholar/on_mule.png,13世纪波斯学者诗人鲁米，四十岁上下，黑色络腮胡略长及胸，眼角初有细纹，头缠白色大头巾，椭圆长脸，额头宽高，浓黑弯眉，杏仁形深褐色眼睛，目光温和而专注，straight nose，薄唇，面容安静而有神，深靛蓝学者长袍，骑在一头披挂织毯的灰色骡子上，侧身，神情矜持，全身立绘，含双脚，露出鞋履，骡子四蹄完整,768,1280,true
rumi,public/assets/rumi/hero/shams/stunned.png,13世纪波斯学者诗人鲁米，四十岁上下，黑色络腮胡略长及胸，眼角初有细纹，头缠白色大头巾，椭圆长脸，额头宽高，浓黑弯眉，杏仁形深褐色眼睛，目光温和而专注，straight nose，薄唇，面容安静而有神，深靛蓝学者长袍，全身立绘，含双脚，露出鞋履，站立，双手空垂，一本书掉在脚边，神情愕然失语,768,1280,true
rumi,public/assets/rumi/hero/shams/searching.png,13世纪波斯学者诗人鲁米，四十岁上下，黑色络腮胡略长及胸，眼角初有细纹，头缠白色大头巾，椭圆长脸，额头宽高，浓黑弯眉，杏仁形深褐色眼睛，目光温和而专注，straight nose，薄唇，面容安静而有神，深色旅行斗篷，全身立绘，含双脚，露出鞋履，夜里提一盏铜油灯向前探身寻找，神情焦急,768,1280,true
rumi,public/assets/rumi/hero/shams/grief.png,13世纪波斯学者诗人鲁米，四十岁上下，黑色络腮胡略长及胸，眼角初有细纹，头缠白色大头巾，椭圆长脸，额头宽高，浓黑弯眉，杏仁形深褐色眼睛，目光温和而专注，straight nose，薄唇，面容安静而有神，深色长袍，全身立绘，含双脚，露出鞋履，站立，一手掩面，一手垂落，哀伤而克制,768,1280,true
rumi,public/assets/rumi/hero/masnavi/whirling.png,13世纪波斯学者诗人鲁米，四十岁上下，黑色络腮胡略长及胸，眼角初有细纹，头缠白色大头巾，椭圆长脸，额头宽高，浓黑弯眉，杏仁形深褐色眼睛，目光温和而专注，straight nose，薄唇，面容安静而有神，白色宽大长袍外罩深色短披肩，全身立绘，含双脚，露出鞋履，缓缓旋转的姿态，双臂微张，右手掌心向上左手掌心向下，头微侧，闭目，庄重宁静，衣摆展开,768,1280,true
rumi,public/assets/rumi/hero/masnavi/dictating.png,13世纪波斯学者诗人鲁米，六十岁以上，花白长须及胸，面颊消瘦，眼神慈和，头缠白色大头巾，椭圆长脸，额头宽高，浓黑弯眉，杏仁形深褐色眼睛，目光温和而专注，straight nose，薄唇，面容安静而有神，赭褐色朴素长袍，全身立绘，含双脚，露出鞋履，背靠软垫坐在地毯上，闭目口述，一手轻举,768,1280,true
rumi,public/assets/rumi/hero/old/sitting.png,13世纪波斯学者诗人鲁米，六十岁以上，花白长须及胸，面颊消瘦，眼神慈和，头缠白色大头巾，椭圆长脸，额头宽高，浓黑弯眉，杏仁形深褐色眼睛，目光温和而专注，straight nose，薄唇，面容安静而有神，赭褐色朴素长袍，全身立绘，含双脚，露出鞋履，端坐，双手合拢放在膝上，慈和微笑,768,1280,true
rumi,public/assets/rumi/hero/old/dying.png,13世纪波斯学者诗人鲁米，六十岁以上，花白长须及胸，面颊消瘦，眼神慈和，头缠白色大头巾，椭圆长脸，额头宽高，浓黑弯眉，杏仁形深褐色眼睛，目光温和而专注，straight nose，薄唇，面容安静而有神，白色内袍，半卧在病榻软垫上，面容平静安详，一手握着另一人的手（只画出手），全身立绘，含双脚，露出鞋履,768,1280,true
npc,public/assets/rumi/npcs/walad_old.png,13世纪末科尼亚学者苏丹·瓦拉德，六十五岁，白须，头缠白色头巾，深蓝长袍，手持芦苇笔和书稿，温厚沉静，全身立绘，含双脚，露出鞋履,768,1280,true
npc,public/assets/rumi/npcs/baha_walad.png,13世纪呼罗珊宗教学者巴哈丁·瓦拉德，六十余岁，花白长须，大白头巾，深绿学者长袍，威严，手持念珠，全身立绘，含双脚，露出鞋履,768,1280,true
npc,public/assets/rumi/npcs/mother_mumina.png,13世纪呼罗珊贵族妇人穆敏娜，四十余岁，素色头巾与长面纱只露面庞，深红长袍，温柔坚毅，全身立绘，含双脚，露出鞋履,768,1280,true
npc,public/assets/rumi/npcs/caravan_leader.png,13世纪中亚商队头领，五十岁，晒黑的脸，毡帽与皮背心，腰挂钱袋，精明老练，全身立绘，含双脚，露出鞋履,768,1280,true
npc,public/assets/rumi/npcs/old_student.png,13世纪呼罗珊经学院老学生，四十岁，白头巾，灰色长袍，怀抱书卷，谨慎低语，全身立绘，含双脚，露出鞋履,768,1280,true
npc,public/assets/rumi/npcs/attar.png,12至13世纪波斯诗人阿塔尔，七十岁，雪白长须，药师围裙罩在长袍外，手托铜药碾，睿智慈祥，全身立绘，含双脚，露出鞋履,768,1280,true
npc,public/assets/rumi/npcs/attar_apprentice.png,13世纪波斯药香铺学徒，十五岁少年，小帽，捧一只玫瑰水瓶，机灵，全身立绘，含双脚，露出鞋履,768,1280,true
npc,public/assets/rumi/npcs/gowhar.png,13世纪撒马尔罕少女高哈尔，十七岁，婚礼头纱与金色额饰，绛红长裙，羞涩浅笑，全身立绘，含双脚，露出鞋履,768,1280,true
npc,public/assets/rumi/npcs/burhan.png,13世纪呼罗珊苦修学者布尔汉丁，五十岁，瘦削，灰白胡须，旧羊毛斗篷，目光锐利，全身立绘，含双脚，露出鞋履,768,1280,true
npc,public/assets/rumi/npcs/student_a.png,13世纪科尼亚经学院学生，二十岁，白色小头巾，蓝色长袍，捧书，敬佩的神情，全身立绘，含双脚，露出鞋履,768,1280,true
npc,public/assets/rumi/npcs/student_b.png,13世纪科尼亚经学院学生，二十五岁，白头巾，棕色长袍，抱臂斜视，怀疑而不满，全身立绘，含双脚，露出鞋履,768,1280,true
npc,public/assets/rumi/npcs/shams.png,13世纪游方苦行者沙姆斯（大不里士的太阳），六十岁，黑色毡帽，破旧的黑色粗羊毛斗篷，灰黑胡须，眼神极锐利而带笑意，赤脚或破鞋，全身立绘，含双脚，露出鞋履,768,1280,true
npc,public/assets/rumi/npcs/innkeeper.png,13世纪安纳托利亚商队客栈老板，五十岁，胖，头巾与围裙，手拿一大串钥匙，好奇八卦，全身立绘，含双脚，露出鞋履,768,1280,true
npc,public/assets/rumi/npcs/sugar_merchant.png,13世纪波斯糖商，四十岁，彩色头巾，锦缎长袍，手托一块白色糖锭，热络，全身立绘，含双脚，露出鞋履,768,1280,true
npc,public/assets/rumi/npcs/sultan_walad_young.png,13世纪科尼亚青年苏丹·瓦拉德，二十一岁，短黑须，白头巾，旅行斗篷，忠厚认真，全身立绘，含双脚，露出鞋履,768,1280,true
npc,public/assets/rumi/npcs/salah_goldsmith.png,13世纪科尼亚金匠萨拉丁，五十岁，皮围裙，卷起的袖子，手上有茧，手握小锤，憨厚质朴，全身立绘，含双脚，露出鞋履,768,1280,true
npc,public/assets/rumi/npcs/goldsmith_apprentice.png,13世纪科尼亚金匠学徒，十四岁，皮围裙，脸上有炉灰，拉风箱，全身立绘，含双脚，露出鞋履,768,1280,true
npc,public/assets/rumi/npcs/husam.png,13世纪科尼亚弟子胡萨姆丁，三十三岁，修剪整齐的黑须，白头巾，浅色长袍，手持纸卷和芦苇笔，恭敬专注，全身立绘，含双脚，露出鞋履,768,1280,true
bg,public/assets/rumi/shared/backgrounds/walad_study_1291.png,"13世纪末科尼亚一间书房的夜景，一盏铜油灯，矮书桌上摊开一叠纸和一支芦苇笔，墙边一排书，窗外夜色中一座绿色穹顶的轮廓，温暖静谧，deserted and empty room, nobody home, still life interior at night, 纸面只有细密的墨线，flat color blocks, hard edged shapes, muted warm dark tone",1920,1080,false
bg,public/assets/rumi/events/1219_balkh/backgrounds/samarkand_bazaar.png,13世纪初撒马尔罕有顶市集，砖砌穹顶与拱廊，丝绸、瓜果、铜器摊位，远处城门外驼队走进来，清晨斜光，热闹,1920,1080,false
bg,public/assets/rumi/events/1219_balkh/backgrounds/balkh_house_packing.png,13世纪中亚学者之家内室，地毯上散放书卷、皮水囊、首饰盒与馕，窗外院子里跪着等待装货的骆驼，晨光,1920,1080,false
bg,public/assets/rumi/events/1219_balkh/backgrounds/caravan_gate_dawn.png,13世纪撒马尔罕土黄色城门清晨，驼队排成一线出城，城墙上的旗帜，远方沙漠地平线泛白,1920,1080,false
bg,public/assets/rumi/events/1220_nishapur/backgrounds/nishapur_attar_shop.png,13世纪内沙布尔药香铺内景，墙上一格格药材与香料罐，铜秤，玫瑰水瓶，午后光线穿过木格窗（不画店主）,1920,1080,false
bg,public/assets/rumi/events/1220_nishapur/backgrounds/birds_seven_valleys.png,细密画风格的七重山谷全景，一大群各色鸟排成长列飞越群山，最前面领路的是戴胜鸟，山谷一重比一重荒凉，最远处一面湖水平静如镜,1920,1080,false
bg,public/assets/rumi/events/1225_larende/backgrounds/larende_courtyard.png,13世纪安纳托利亚小城的石砌院落，葡萄架，廊下挂着婚礼的彩色布幔，远处雪山与土黄色平原,1920,1080,false
bg,public/assets/rumi/events/1225_larende/backgrounds/marriage_contract_desk.png,矮书桌特写，一张空白的婚约纸，芦苇笔、墨壶、撒沙罐，一支红烛，织毯为底（纸上无文字）,1920,1080,false
bg,public/assets/rumi/events/1225_larende/backgrounds/comic_larende_year.png,连环画长图横排4格，细密画风格金色边框分格：婚礼上的新人与乐师 / 母亲在廊下病倒 / 送葬队伍走出城门 / 年轻人独自站在墓前,1920,1080,false
bg,public/assets/rumi/events/1231_konya/backgrounds/konya_citadel_1228.png,13世纪塞尔柱都城科尼亚远景，阿拉丁山丘上的清真寺与宫殿，城墙环绕，远处平原上的商队驿站，晴朗,1920,1080,false
bg,public/assets/rumi/events/1231_konya/backgrounds/konya_madrasa.png,塞尔柱经学院方形内庭，四面尖拱廊，中央一方水池，墙面蓝绿色釉砖，廊下铺着坐垫（不画人物）,1920,1080,false
bg,public/assets/rumi/events/1231_konya/backgrounds/seljuk_tile_wall.png,塞尔柱清真寺墙面正面平视，蓝绿与黑色釉砖拼成的八角星与十角星几何图案，局部缺了几块砖,1920,1080,false
bg,public/assets/rumi/events/1233_syria/backgrounds/chilla_cell.png,石砌小斗室，一张草席，一盏油灯，高处一扇小窗透进一束光，木门紧闭，极简空寂,1920,1080,false
bg,public/assets/rumi/events/1244_shams/backgrounds/kosedag_aftermath.png,1243年安纳托利亚高原战场余烬，塞尔柱旗帜倒在地上，远处山脊上蒙古骑兵队列，天色阴沉,1920,1080,false
bg,public/assets/rumi/events/1244_shams/backgrounds/sugar_merchants_inn.png,13世纪科尼亚商队客栈内院，拱廊下堆着糖锭与香料货包，骆驼在水槽边饮水，一个角落里空着一张草席,1920,1080,false
bg,public/assets/rumi/events/1244_shams/backgrounds/pool_courtyard.png,科尼亚宅院内的方形水池，池边石栏，几本书浮在水面上，池水映着天空，午后,1920,1080,false
bg,public/assets/rumi/events/1244_shams/backgrounds/shams_encounter_street.png,13世纪科尼亚街道，土黄色墙壁，远处宣礼塔，人群散开留出中间一片空地，傍晚金色斜光,1920,1080,false
bg,public/assets/rumi/events/1247_damascus/backgrounds/damascus_night_bazaar.png,13世纪大马士革夜晚的有顶市集，长长的拱廊，关门的店铺，远处倭马亚清真寺宣礼塔剪影，地面积水映着微光，16:9,1920,1080,false
bg,public/assets/rumi/events/1250_goldsmith/backgrounds/goldsmith_street.png,13世纪科尼亚集市的金匠街，一排敞开的小铺子，炉火、铁砧、金箔在阳光下发亮，行人三三两两,1920,1080,false
bg,public/assets/rumi/events/1250_goldsmith/backgrounds/goldsmith_forge.png,金匠铺内景，炉火映红，铁砧上一片金箔，锤子悬在半空（不画人物），金色火星,1920,1080,false
bg,public/assets/rumi/events/1258_masnavi/backgrounds/baghdad_1258_smoke.png,远方地平线上一座大城冒着滚滚黑烟，底格里斯河蜿蜒，近处逃难人群的剪影，黄昏,1920,1080,false
bg,public/assets/rumi/events/1258_masnavi/backgrounds/reed_bed_dawn.png,清晨的苇塘，一根芦苇被割下倒在水边，薄雾，远处一个人手拿芦笛走远的小小背影,1920,1080,false
bg,public/assets/rumi/events/1258_masnavi/backgrounds/grapes_market.png,13世纪安纳托利亚路边果摊，一串串紫葡萄挂着，四个不同服饰的旅人（波斯、阿拉伯、突厥、希腊）争吵的远景，尘土路,1920,1080,false
bg,public/assets/rumi/events/1258_masnavi/backgrounds/dark_house_elephant.png,印度来的大象站在一间室内，侧身面朝左，象鼻垂地，大耳朵，背上披着红色镶金鞍毯，拱门与地砖，画面平光整幅可见（游戏里会用黑幕遮住），16:9,1920,1080,false
bg,public/assets/rumi/events/1258_masnavi/backgrounds/painters_hall.png,13世纪苏丹宫殿中相对的两间厅堂，中间垂着一道深红帘子，左边厅里墙上画满彩色壁画，右边厅里墙面光洁如镜,1920,1080,false
bg,public/assets/rumi/events/1258_masnavi/backgrounds/chinese_painters_wall.png,波斯细密画中描绘的中国画师作品：满墙的山水、花鸟与亭台，色彩浓丽，金色云纹，画面平视正面,1920,1080,false
bg,public/assets/rumi/events/1258_masnavi/backgrounds/dictation_room.png,夜晚的书房，靠墙的软垫，矮桌上堆满写好的纸页和芦苇笔，油灯（不画人物）,1920,1080,false
bg,public/assets/rumi/events/1273_wedding/backgrounds/konya_winter_1273.png,冬日科尼亚，雪落在墓园与屋顶上，炊烟袅袅，灰蓝天空，安静,1920,1080,false
bg,public/assets/rumi/events/1273_wedding/backgrounds/comic_wedding_night.png,连环画长图，金色边框分格，波斯细密画风格四格：第一格 病榻上的白须老人握着儿子的手；第二格 送葬队伍，突厥人波斯人希腊人亚美尼亚人不同服饰的人并肩走；第三格 一座绿色釉砖穹顶的伊斯兰陵墓，顶上一弯新月，墓前有人静立；第四格 白袍旋舞者庄重旋转，衣摆展开，闭目,1920,1080,false
bg,public/assets/rumi/maps/rumi_general_map.png,手绘古地图风格的中亚到安纳托利亚全图，东起撒马尔罕、巴尔赫，西至科尼亚，南到麦加，标出里海、黑海、地中海、波斯湾与两河，山脉以细密画方式画出，留出城市图钉位置，羊皮纸底色（不写地名文字）,1920,1080,false
bg,public/assets/rumi/maps/route_1219_khorasan.png,手绘古地图风格路线图：撒马尔罕→布哈拉→梅尔夫→内沙布尔，驼队小图标沿虚线行进，沙漠色调（不写文字）,1920,1080,false
bg,public/assets/rumi/maps/route_1221_hajj.png,手绘古地图风格路线图：内沙布尔→巴格达→麦加→大马士革→马拉蒂亚→埃尔津詹→拉兰达，一条长长的弧线，沿途城市小图标（不写文字）,1920,1080,false
bg,public/assets/rumi/maps/route_1233_syria.png,手绘古地图风格路线图：科尼亚→托罗斯山口→阿勒颇→大马士革，山口用细密画山峦表示，春季色调（不写文字）,1920,1080,false
bg,public/assets/rumi/maps/route_1247_damascus.png,手绘古地图风格路线图：科尼亚→托罗斯山口→阿勒颇→大马士革，冬季色调，雪山（不写文字）,1920,1080,false
prop,public/assets/rumi/props/reed_flute_ney.png,一支波斯芦笛ney，细长芦苇管，六个指孔，吹口处有牛角套,1024,1024,true
prop,public/assets/rumi/props/asrar_nama_book.png,一本13世纪波斯手抄本，皮面封套带翻盖，封面压金几何花纹,1024,1024,true
prop,public/assets/rumi/props/marriage_contract.png,一卷展开的空白婚约纸卷，边缘有金色花饰（纸面无文字）,1024,1024,true
prop,public/assets/rumi/props/reed_pen_inkwell.png,一支削好的芦苇笔斜靠在黄铜墨壶旁,1024,1024,true
prop,public/assets/rumi/props/brass_oil_lamp.png,一盏黄铜油灯，带提环，灯芯燃着小火苗,1024,1024,true
prop,public/assets/rumi/props/goldsmith_hammer.png,一把金匠小锤和一小片金箔,1024,1024,true
prop,public/assets/rumi/props/grape_bunch.png,一串紫色葡萄连着枝叶,1024,1024,true
prop,public/assets/rumi/props/polished_mirror.png,一面圆形抛光金属镜，边框有塞尔柱花纹，镜面光亮,1024,1024,true
prop,public/assets/rumi/props/masnavi_pages.png,一叠写满的手稿纸页（字迹为抽象线条，不可读），用细绳捆着,1024,1024,true
prop,public/assets/rumi/props/shams_felt_cap.png,一顶旧黑色毡帽,1024,1024,true
